,Descripcion,Codigos donde esta duplicado
0,ITEM CREADO POR EL ACTUALIZADOR,00014581 - 00095483 - 00096660 - 00110738
1,GOLILLA MU ON 19M 3/4,00039600 - 00104005
2,BOMBA AGUA D4CB ALT 110 MM HY H1/PORTER 12/ FRONTI,00015275 - 00015280
3,GOLILLA PLANA 1.3/8,00052533 - 00062763
4,ARTICULACION PALANCA CBIO PG 206,00099834 - 00099835
5,TUERCA HEX INOX 7/8,00011091 - 00102610
6,FAROL TRAS LH KIA PREGIO,00031377 - 00042096
7,PAST FRENO PP3200 CHERY,00080366 - 00100734
8,RETEN 55X68X8X11.50,00023767 - 00023768
9,"HERRAMIENTAS. TORNO 3/8X3""",00011514 - 00107080
10,MANGUERA AIRE ESPI CON ACOP 5MM NARANJA TW,00019728 - 00091655
11,AMPOLLETA H7 24V 70W OSRAM,00058614 - 00100814 - 00106318
12,AMPOLLETA H1 12V 100W TW,00000031 - 00106990
13,TERMINAL LUCAS C/F MACHO 3M AMBAR,00000354 - 00000357
14,AMORT TRAS NISS TIIDA,00027755 - 00096744
15,MOTOR PARTIDA TOY YARIS/NEW YARIS 1.3/1.5,00028331 - 00073003
16,TUERCA RUEDA 14 X 1.5 HEX KIA CERES 4WD,00058619 - 00058620
17,BUJIA NGK DCPR8E-N,00018019 - 00095951
18,PERNO COCINA INOX 3/16 X 1,00009614 - 00101804
19,JUEGO PERNO CULATA TOY TERCEL 1.5 95/99,00038898 - 00069588
20,BUJIA ENC 11.0V RENAULT ECLAIRE,00016004 - 00016005
21,GOLILLA PRESION 1.3/8,00011373 - 00102425
22,EMBLEMA DATSUN 120A,00013894 - 00013897
23,CUBRE VOLANTE AZUL CUERINA,00059484 - 00059485
24,TAPA RADIADOR 16LBS P,00054589 - 00054697
25,TUERCA MM 14 P-1.5,00011058 - 00102252
26,AMPOLLETA H7 12V 55W TW,00000043 - 00100798
27,EMBLEMA MAZDA 323,00013961 - 00013962
28,BROCHE C266,00015712 - 00074678
29,OPTICO LH NISSAN PLATINA,00064316 - 00064428
30,ZAPATO SEG NITRO 525 PLTA/PU BIDEN-PB CAFET42,00084810 - 00084811
31,"CILINDRO FRENO 1"" DAIH TOY FEROZA/ROCKY",00034120 - 00034122
32,CONDENSO 0.22 SC-262 SUPER NISSAN,00000295 - 00027024
33,HOMOC L/R SUBARU LEONE,00074611 - 00074659
34,EMPAQ CULATA NISSAN SD23 METAL USA,00038314 - 00102584
35,DONACION A EMPRESA COM LAS VEGAS,00058266 - 00058276
36,TUERCA SEG PLAST INOX MM 12 P-1.75,00011117 - 00106915
37,AMPOLLETA HALURO METALICO 400W,00049735 - 00056161
38,FILTRO AIRE,00058342 - 00082500
39,AMPOLLETA GLOBO GR 24V 15W 1CONT TW,00000010 - 00101007
40,PERNO PARKER INOX MM 6 X 45,00010443 - 00103900
41,HERRAMIENTAS. TORNO 5/16X2.1/2 10%,00011513 - 00107697
42,ESPEJO LH MANUAL HY ACCENT PRIME 03/05,00016527 - 00016528
43,BOMBA AGUA TOY GWT-96A HILUX 2RZFE/3RZFE,00048457 - 00059719
44,SET EMERGENCIA 3 PZS PIOLA/ROBA CTE-GUANTES,00043918 - 00107556
45,PARACHOQUE TRASERO HYUNDAI,00089571 - 00089674
46,PINTURA SPRAY,00063682 - 00063683 - 00063684 - 00063686
47,"COMPAS RECTO 10"" #2187",00011462 - 00103225
48,CARBURADOR SUZ ST90,00039860 - 00104668
49,MANILLA EXT TRAS RH SUZ BALENO,00039298 - 00100976
50,C 21015,00003190 - 00106890
51,TUERCA SEG PLAST 5/8 NC,00011127 - 00100979
52,PIOLA EMB SUZ MARUTI,00041208 - 00041504
53,CAZOLETA AMORT DEL TOY COROLLA,00075247 - 00075248
54,TERMINAL S/F LUCAS HEMBRA TW,00100205 - 00106506
55,METAL BANC 1.25 SUZ CARRY 1000 SK410 90-98,00020520 - 00020534
56,CINTA AIR BAG KIA RIO 2012/,00098478 - 00098479
57,TURBO TIMER DIGITAL APEXL MILANO,00040087 - 00103352
58,CARPETA CON ACCO AZUL,00067131 - 00111105
59,ESPEJO EXT LH NISSAN V16 ABATIBLE TW,00031150 - 00031151
60,PORTA CELULAR CON CARGADOR,00064940 - 00064941
61,FILTRO PETROLEO,00018126 - 00043317 - 00058343
62,SOPORTE MOTOR CELERIO RH LH,00203099 - 00203100
63,TUERCA MM 12 P-1.5,00011057 - 00102248
64,JUNTA TORICA,00066570 - 00066572
65,EMBLEMA DAEWOO RACER,00013879 - 00013880
66,LED TRANSPARENTE BCO 48CMS,00040059 - 00102899
67,PLACA DIODO TRANSPO,00107385 - 00107809
68,CILINDRO FRENO MITSUBISHI L200 1.6/2.0/2.4/2.5,00020330 - 00020331
69,BARRA HILO INOX 316 3/8,00009703 - 00103048
70,LUZ DESTELLANTE BLANCO,00066160 - 00066166
71,HU 6009Z,00043956 - 00078755
72,PIOLA EMB CHEV SPARK,00041155 - 00065362
73,PIOLA FRENO MANO TRAS RENAULT 5 5PTS,00053697 - 00053698
74,GOLILLA PRESION 5/8,00011367 - 00100430
75,CORREA 4PK920,00017009 - 00089908 - 00097035
76,REP,00201292 - 00205388
77,LLAVE SACA FILTRO CADENA TW,00000219 - 00035710
78,PLUMILLA 18 CURVA,00025641 - 00068269
79,CHAVETA PARTIDA 1/4 X 3,00010850 - 00103734
80,GOLILLA PRESION 1.1/8,00011371 - 00102947
81,SACO ARPILLERA,00042251 - 00102207
82,TUERCA HEX INOX 1/4,00011084 - 00102197
83,FAROL TRAS RH SSANG ACTYON SPORT 06/11,00054401 - 00090283
84,CHAVETA PARTIDA 1/8 X 2.1/2,00010838 - 00103941
85,C 2500 KENDALL,00061089 - 00071793
86,AMPOLLETA H3 12V 55W TW,00000032 - 00101506
87,EMPAQ CULATA PEUGEOT 405 ELD P 405 ITALIA,00040967 - 00103285
88,TUERCA SEG PLAST INOX MM 24 P-3.0,00011120 - 00105172
89,ROD 6307 2RS KML,00033531 - 00036760
90,SELLO TAZA 32 MM,00034702 - 00102097
91,PLUMILLA 22 RECTA UNIPOINT,00053401 - 00060507
92,TERMINAL DIRECC EXT RH/LH HONDA CRV 2.4 02/06,00066011 - 00066033
93,LOCTITE 242 50 ML,00000636 - 00088127
94,MICA FCAROL SPOILER LH LUV 89/96,00043983 - 00043984
95,LLAVE PUNTA CORONA 15 MM,00001548 - 00071564
96,METAL BANC STD KIA FRONTIER 2.7/3.0 ULTRA 2.7/3.0,00020539 - 00043204
97,CRUCETA 33X93 GUIS-66,00030932 - 00052071
98,GOLILLA COBRE 21X25,00033925 - 00066395
99,TUERCA HEX GALV 5/8,00011201 - 00100583
100,PORTA CARBON ALTERNADOR 12V,00025804 - 00097429
101,CHAVETA PARTIDA 5/32 X 1.1/2,00010839 - 00104577
102,TAPA TERMOSTATO PEUG PARTNER DIESEL 1.9 99/07,00079552 - 00079554
103,REPARACION PIOLA,00058095 - 00059729
104,ACOPLE RAPIDO 1/4 - 1/8 GAS MACHO BRONCE,00021322 - 00021362
105,FLASHER 12V 3P,00036840 - 00042017
106,PLACA DIODO IMR10042,00048645 - 00109697
107,TUERCA MM 12 P-1.75,00011063 - 00101941
108,CORREA LISA 9.5X1060,00025662 - 00057580
109,AMORT DEL RH CHEV CORSICA 87/91,00041840 - 00041841
110,TUERCA HEX GALV 7/8,00054236 - 00108542
111,RECOGEDOR ACEITE USADO 70LTS SAMOA,00042419 - 00075338
112,OPTICO LH RENAULT SANDERO,00057975 - 00074193
113,PERNO COCINA INOX 3/16 X 2,00009617 - 00107698
114,PAST FRENO 767 PP1543 MAZDA/FORD,00071353 - 00072572
115,OPTICO LH CHEV DMAX 05/09,00036454 - 00062602
116,REGULADOR 12V,00078782 - 00080355
117,TUERCA MM 10 P-1.25,00011053 - 00100999
118,AMORTIG TRAS,00200296 - 00200600 - 00200759 - 00200772 - 00201090 - 00201094
119,EMPAQ MOTOR TOY HILUX Y/2Y/3Y,00029356 - 00031925
120,PERNO PARKER INOX 1/4 X 1,00009313 - 00105330
121,SOLDADORA INVERWELD 1600 INDURA,00052962 - 00053571
122,FILTRO HIDR BT8850 MPG,00066562 - 00066565
123,POLEA RUEDA LIBRE 28752,00044982 - 00089750
124,W 712/19,00005666 - 00049734
125,TUBO ACOPLE INF SUZ MARUTI 95/08,00065471 - 00065478
126,BOMBA BENC RENAULT 4-5,00015534 - 00030288
127,C 16163/1,00004269 - 00034034
128,MOTOROLA MOTO G8,00089895 - 00096305
129,GRILLETE T,00054481 - 00054482 - 00054483
130,C 16006 KENDALL,00035071 - 00043974
131,CORREA DENTADA A62 12.5X1625,00016489 - 00016843
132,BOMBA AGUA GWN-52A NISS CD20,00015386 - 00015388
133,NEBLINERO RH MAZDA 3 SEDAN 04/09,00052665 - 00079687
134,BARRA HILO INOX 316 1/2,00009705 - 00102880
135,FILTRO DE ACEITE,00006254 - 00018125
136,JUEGO DE LLAVES HEXAGONALES 9PZAS JONNESWAY,00053931 - 00053932
137,OPTICO LH HY TUCSON 05/08,00080032 - 00080033
138,AVANCE AUTOMATICO NISSAN J18/720 JP,00030023 - 00105904
139,CORREDERA D-100,00074181 - 00088026
140,NEUM,00202163 - 00202513
141,AMORT PORTALON RH SUZ ALTO 06/13,00052549 - 00076590
142,ESPEJO EXT LH LUV 89/96 NEGRO,00031144 - 00039270
143,TERMINAL DE DIRECCION,00055980 - 00055981
144,TUERCA SEG PLAST 3/8 NF,00011138 - 00101995
145,CHAVETA PARTIDA 5/16 X 3.1/2,00010857 - 00104438
146,VACUOMETRO GRIS O.ROBER,00036234 - 00109074
147,FAROL TRASERO RH TOYOTA HILUX,00085641 - 00091268
148,SOLENOIDE 12V,00002283 - 00002784 - 00080142 - 00084022
149,AMORTI,00203830 - 00205144
150,PAST FRENO 185 PP1009 HY H100D,00029627 - 00049572
151,TUERCA MM 22 P-1.5,00011062 - 00106230
152,TENSOR CADENA DIST NISS D22 YD25,00064021 - 00064022
153,PAST FRENO PP5120 FORD RANGER,00029570 - 00083179
154,MOTOR PARTIDA 24V 11D ISUZU NPR,00043939 - 00071344
155,PERNO PARKER INOX 1/2 X 2,00009350 - 00108250
156,CORREA 6PK1050,00067928 - 00094610
157,BOBINA,00001909 - 00200789 - 00203518
158,FUSIBLE 150 AMP BAJO VOLTAGE,00101398 - 00108315
159,HU 7003X,00041845 - 00096571
160,SOPORTE MOTOR DEL RH NISS V16,00044035 - 00050910
161,TUERCA SEG PLAST MM 14 P-1.5,00011161 - 00105679
162,DISCO FRENO TRAS NISS NAVARA 07/15,00071027 - 00074972
163,TUERCA SEG PLAST 9/16 NC,00011126 - 00102403
164,PERNO RUEDA NISSAN V16 12X42 P1.25,00101459 - 00101475
165,LOCTITE 592 50ML SELLADOR TEFLO CA ERIA,00000651 - 00102679
166,C 27019,00007102 - 00013364
167,METAL BIELA 0.50 NISSAN 120Y/140Y/150Y,00020653 - 00039065
168,ANGULO DOBLADO 40X40X3,00057929 - 00058055
169,INTERRUP PALANCA 3 POS METAL,00000104 - 00056284
170,AMORT DEL TOYOTA,00200849 - 00200850
171,TUERCA MM 10 P-1.5,00011056 - 00102094
172,CILINDRO FRENO TRAS 11/16 HY RB,00030715 - 00030716
173,CHAVETA PARTIDA 1/4 X 2,00010848 - 00103733
174,EMBLEMA TOYOTA,00041974 - 00060815 - 00093037
175,TUERCA HEX GALV 1/2,00011200 - 00105998
176,FAROL TRAS LH TOY HILUX KUN 05/11,00019459 - 00037186
177,BANDEJA INF RH TOY TERCEL 2E/3EE/5EFE 90/97,00049125 - 00049126
178,AMPOLLETA 9007 12V 65/55W TW,00000048 - 00100185
179,GOLILLA PRESION ZINC 1,00011413 - 00103412
180,REPARACION BENDIX,00028720 - 00032232 - 00064493
181,TUERCA SEG PLAST 3/4 NC,00011128 - 00101048
182,BUJE PERNO BARRA ESTAB LUV 1.6-2.3CC/POINY,00105736 - 00107355
183,PERNO HEX G8 NF 1x2 NF,00008777 - 00008778
184,BOMBA AGUA KIA ASIA TOWNER (91/00) TW,00015330 - 00030138
185,FILTRO POLEN PEUG 407 06/10 TODOS,00028525 - 00028529
186,CARBON ESMERIL 4.1/2,00026903 - 00026904
187,PLASTICO TRAS RH FIAT FIORINO 94/,00032080 - 00032107
188,MANGUERA CALEFA NISSAN V16 M/ROJO,00019856 - 00019857
189,AMPOLLETA H1 12V 55W TW,00001066 - 00102669
190,INDUCIDO 12V FORD RANGER 129MM 11DTS 55.5MM,00038938 - 00103799
191,PERNO COCINA MM 5 X 10,00100844 - 00106168
192,PAST FRENO PP4186 CHEV SAIL,00055007 - 00105876
193,FAR TRAS,00202108 - 00202311
194,AMPOLLETA GLOBO CH 24V 10W TW,00000006 - 00102368 - 00108825
195,TUERCA SEG PLAST 1/2 NF,00011140 - 00103834
196,SENSOR TEMP HY ACCENT,00024863 - 00056228
197,FAROL TRAS RH TOY HILUX,00062293 - 00066711
198,MOTOR DE PARTIDA 12V,00073578 - 00082674 - 00105390
199,WK 920/1,00005979 - 00045173
200,TUERCA SEG PLAST MM 8 P-1.25,00011154 - 00104042
201,CARBON TALADRO DE WALT,00026949 - 00026950
202,GOLILLA PRESION 7/16,00011364 - 00101079
203,MANILLA INT KIA RIO,00037890 - 00037891
204,BOMBA BENC DAIH G10-G20/S60/MAX CUORE KR,00015474 - 00030212
205,"NEBLINERO 3"" DIAMANTADO VERDE",00001892 - 00100110
206,"CATALITICO UNIV 2"" OVALADO D/C USA",00016182 - 00044776
207,LOCTITE 736 PRIMER NF,00000671 - 00107015
208,PERNO PARKER INOX MM 6 X 12,00010436 - 00106784
209,BROCHE C36,00015861 - 00044449
210,AMPOLLETA GLOBO GR 12V 20/5W 2CONT C/PAR PHILIPS,00100682 - 00106741
211,DISCO FRENO NISS NAVARA,00034113 - 00068592
212,REGULADOR OXIGENO OR-25-7M,00044208 - 00300903
213,PLASTICO FAROL TRASERO ACRILICO SCANIA 349 MM GF20,00000399 - 00000400
214,PERNO BARRA TORSION KIA FRONTIER,00039861 - 00100873
215,CAJA REGULADORA 24V,00017942 - 00096877
216,PERNO PARKER INOX MM 6 X 25,00010439 - 00104328
217,AMPOLLETA H4 P45 12V 130/90W TW,00014509 - 00108644
218,FAROL PARACHOQUE LH TOYOTA HILUX,00086981 - 00086983
219,TUBO CALEFA TOY TERCEL 2 SALIDAS,00059020 - 00059021
220,CAJA REG LUV AVR821 JP,00026596 - 00026597
221,EMBLEMA TRAS SUBARU IMPREZA 1.8 GT,00014041 - 00069689
222,GRILLETE TIPO LIRA 5/8,00011482 - 00104088
223,NO USAR,00014431 - 00035116
224,CHAVETA PARTIDA 1/8 X 1.1/4,00010835 - 00104748
225,MANGUERA INF RADIADOR TY TERCEL EL53,00048293 - 00048296
226,PORTA CARBON ARRANQ 12V,00028568 - 00038081
227,CHAVETA PARTIDA 5/32 X 2.1/2,00010841 - 00104356
228,JUEGO CADENA NIEVE ARO,00034220 - 00034222 - 00034225
229,EMBLEMA NISSAN,00002990 - 00013980 - 00013983
230,PERNO COCINA INOX 3/16 X 1.1/4,00009615 - 00107013
231,AMPOLLETA H3 24V 70W OSRAM,00058612 - 00100395
232,TUERCA HEX ASTM A-194 2H 3/4,00051813 - 00107901
233,PRENSA EMBRAGUE SUZ ST90 SK408/SJ410,00040054 - 00104987
234,CAJA REG NIPON TOY CELICA IN220CH CHINO,00107349 - 00108490
235,PERNO PARKER INOX 1/2 X 1,00009346 - 00101442
236,METAL BANC 0.50,00200798 - 00200892
237,TUERCA SEG PLAST MM 10 P-1.25,00011156 - 00102239
238,SOPORTE MOTOR TOY TERCEL TW,00032840 - 00032841
239,PAST FRENO PP776 NISS NP300,00016773 - 00027426
240,PERNO PARKER INOX 3/16 X 3/4,00009308 - 00104633
241,PARACHOQUE KIA RIO 03/05 DELANTERO,00055010 - 00058842
242,ROTULA,00055978 - 00200804
243,JUEGO GUARDA FANGO CAMIONETA NISSAN TRAS,00036651 - 00101541
244,EMBLEMA NISSAN SENTRA,00013990 - 00060802
245,CORREA 8PK2120,00017274 - 00084074
246,AMPOLLETA H7 24V 70W TW,00000045 - 00102316
247,TUERCA SEG PLAST INOX MM 10 P-1.5,00011116 - 00104866
248,TUERCA MM 20 P-1.5,00011061 - 00103994
249,TUERCA SEG PLAST 3/8 NC,00011123 - 00101450
250,AMPOLLETA H3 24V 100W TW,00000035 - 00101507
251,MEDIDOR DE INCLINACION CARRETERA YH9601,00043827 - 00103101
252,INDUCIDO MOTOR PARTIDA 12V,00102653 - 00107617
253,TUERCA SEG PLAST MM 5 P-0.8,00011150 - 00105304
254,TUERCA RUE CONICA M18 RH P2.0 HEX 27 FIAT,00024365 - 00024366
255,GOLILLA PRESION ZINC 1/2,00011408 - 00100346
256,COLA ESC CROM NORMAL 1.3/4X15 CM,00016212 - 00016214
257,PERNO PARKER INOX MM 6 X 30,00010440 - 00107832
258,PLASTICO TRAS LH LUV 3MICA 89/96,00032081 - 00032082
259,DISCO FRENO RENAULT LOGAN/SANDERO/SYMBOL,00034297 - 00093375
260,TERMOSTATO,00200379 - 00200871 - 00201931 - 00203547
261,ROD TENSOR,00200743 - 00201363
262,BLOQUEADOR SOLAR 1KG B V2 PREMIUN,00039124 - 00102282
263,PORTA CARBON 12V,00044048 - 00056361 - 00084167
264,PAST FRENO PP5108 FORD EXPLORER,00020333 - 00029571
265,GUIA PARACHOQUE DELANTERO LH PLASTICO TY HILUX,00085985 - 00085988
266,CRUCETA 20X55 GUD81J SEG EXT,00030922 - 00030923
267,TUERCA SEG PLAST 7/16 NF,00011139 - 00105781
268,TUERCA SEG PLAST INOX MM 16 P-2.0,00011118 - 00105703
269,GOLILLA PLANA INOX 1/4,00011319 - 00067646
270,MANILLA EXT RH SUZ VITARA,00039339 - 00070168
271,PATIN FRENO TOY YARIS 99-2005 SEDAN/SPORT,00035983 - 00035993
272,RADIADOR,00043076 - 00200359 - 00200378 - 00200832 - 00202725
273,AMPOLLETA H4 P43 24V 75/70W OSRAM,00100785 - 00108206
274,REGULADOR 12V AUTOS CHINO,00076044 - 00080354
275,ROTULA INF NISS 39 MM V16/SENTRA II,00032571 - 00035436
276,BARRA TORSION NISSAN TERRANO,00038725 - 00044572
277,ESPEJO PUNTO CIEGO,00062938 - 00064934
278,VOLANTE DEPORTIVO,00035619 - 00035620
279,TUERCA HEX INOX 1,00011092 - 00105454
280,FLOTADOR ESTANQUE BENCINA O.ROBER,00039704 - 00100232
281,SOPORTE MOTOR DELT RH NISSAN 16/18 11220-B8001 TW,00032770 - 00106749
282,AMPOLLETA H4 P45 12V 60/55W TW,00000040 - 00101220
283,PAST FRENO PP1233 HY TUCSON,00109361 - 00109393
284,AMPOLLETA H3 12V 100W TW,00000033 - 00104056
285,GOLILLA PRESION ZINC 3/4,00011411 - 00101513
286,CAZOLETA,00200637 - 00200802
287,"FAROL TRASERO 10 LED C/BISEL REFLEC. BI-VOL 4"" RED",00037780 - 00072659 - 00090982
288,CHAVETA PARTIDA 1/8 X 2,00010837 - 00107364
289,ACOPLE RAPIDO 3/8 - 3/8 GAS MACHO BRONCE,00021328 - 00021364
290,PAST FRENO PP1027 HY,00062416 - 00093802
291,PAST FRENO M.BENZ SPRINTER 51,00076771 - 00076772
292,MANGUERA CALEFA CHEV LUV 2.3CC,00019823 - 00019824
293,AMORTIGUADOR TRAS RH DAIH GIRO G102/SG1.3 89/95 KR,00043842 - 00100837
294,METAL BIELA,00200197 - 00200881 - 00202158 - 00205303
295,TUERCA SEG PLAST MM 24 P-1.5,00011170 - 00105080
296,SENSOR OXIGENO CHEV SONIC,00091334 - 00091335
297,SOLENOIDE 12313,00037969 - 00105909
298,CULATA PEUG PARTNER/BERLINGO 1.9D DW8,00055836 - 00075560
299,JGO EMPAQ,00200540 - 00201102
300,BROCHE 125,00075184 - 00077039
301,PLACA DIODO MAZDA ARTIS #IMR8572,00043873 - 00102257
302,GUIA CADENA DIST NISS D22 YD25,00064023 - 00064024 - 00064025 - 00064026
303,AMPOLLETA 9004 12V 100/80W DAEWOO TW,00102433 - 00106846
304,PAST FRENO PP2755 TOY HILUX,00029852 - 00081347
305,"LLAVE TORQUE 1/2"" 20-150 LB/PIE CDI 2381015",00113440 - 00113636
306,EMPAQ MOTOR SUZ F8A ST-90,00029412 - 00029426
307,FAROL TRAS RH TOY HILUX 16/,00043498 - 00079831
308,METAL BIELA STD PEUG PARTNER,00032253 - 00073801
309,TUERCA SEG PLAST MM 18 P-2.5,00011166 - 00102598
310,BARRA HILO INOX 316 3/4,00055088 - 00101416
311,KIT EMB,00200153 - 00204725 - 00205339
312,CAJA CHUQUI BAKELITA MOLVENO,00024879 - 00051929
313,1,00038988 - 00042115 - 00042667
314,TUERCA HEX BRONCE 1/8,00011228 - 00106762
315,TUERCA SEG PLAST 1 NC,00011130 - 00104905
316,TUERCA SEG PLAST 5/8 NF,00011142 - 00100284
317,ACOPLE RAPIDO 1/2 - 3/8 GAS MACHO BRONCE,00021330 - 00021365
318,MASCARA SUZUKI VITARA,00083169 - 00112067
319,EMBLEMA CHARADE G-20,00013857 - 00013858
320,INTERRUP LUZ INT M.BENZ MARILIA,00027452 - 00027453
321,CONDENSO CHEVETTE CHICOTE LARG ECHLIN,00027010 - 00027011
322,PARACHOQUE TRAS TY TERCEL 95/97,00049118 - 00050720
323,AMORTI TRAS,00200509 - 00200568 - 00200819
324,PERNO COCINA INOX 3/16 X 3/4,00009613 - 00102446
325,AMPOLLETA SOFITO 3157 12V 32/3CP C/SOQ WAGNER/BLOS,00101965 - 00107369
326,CAJA REG T/PEUGEOT CH 524E(ELECTRONICA)12V,00040651 - 00104444
327,AMORT PORTALON LH SUZ ALTO 06/13,00052548 - 00076589
328,CHAVETA PARTIDA 1/8 X 1.1/2,00010836 - 00101703
329,FAROL TRASERO RH TOY HILUX,00017911 - 00044046
330,JUEGO GUARDA FANGO AUTO VARIOS,00025419 - 00104454
331,BULBO T HYUN MAZDA KIA JP#LS201,00036969 - 00107457
332,TUERCA SEG PLAST 1/2 NC,00011125 - 00101046
333,GOLILLA PRESION ZINC 3,00011425 - 00106755
334,TERMINALES,00200338 - 00203857
335,AMPOLLETA TIPO CASA 12V 25W,00014602 - 00110033
336,POLEA ALTERNADOR INDIEL PICK-UP 4501170,00044105 - 00107107
337,PAST FRENO 206 PP5016 FORD/KIA,00052655 - 00053190
338,PARACHOQUE,00203130 - 00204887
339,MODULO ENCENDIDO ELECTRON TRANSPO,00101535 - 00109611
340,GOLILLA PRESION 1,00011370 - 00100624
341,TUERCA SEG PLAST MM 22 P-2.5,00011169 - 00105591
342,PIOLA EMBRAGUE CHEV SAIL,00043767 - 00064038
343,TERMINAL,00039183 - 00061123 - 00201778
344,C 3282,00004113 - 00050636
345,AMPOLLETA FUSIBLE 12V 15X44 18W TW,00048507 - 00105929
346,SEGURO ELASTICO 3.5X50 (PINES),00024001 - 00091416
347,SWITCH ALZA VIDRIO C/LUZ,00093816 - 00093817
348,MANILLA EXT TRAS LH SUZ BALENO,00039299 - 00045148
349,JUEGO CABLE BUJIA CHEV OPTRA 1.6,00034478 - 00040898
350,GOLILLA PRESION ZINC 3/8,00011406 - 00102054
351,TERMINAL DIR RH PEUG 308,00035717 - 00054676
352,CHAVETA PARTIDA 1/4 X 3.1/2,00010851 - 00102527
353,EMBLEMA 4WD,00013847 - 00060806
354,TERMINAL AXIAL KIA SORENTO 02,00060338 - 00060339
355,MANILLA EXT DELANT RH SUZ SWIFT 84/96,00048965 - 00048966
356,SOPORTE MOTOR CENTRAL RENAULT CLIO II,00071876 - 00082422
357,BROCHE C37,00075899 - 00075914
358,EMPAQ CULATA,00200617 - 00201488 - 00203392
359,GOLILLA PRESION 9/16,00011366 - 00102260
360,SEGURO PASTILLA NISSAN D22 TERRANO,00057291 - 00057292
361,REPARACION MOTOR PARTIDA BOLTER,00062766 - 00062826
362,INSERTO CAMBIO NISSAN VERSA,00112693 - 00112702
363,ROD 6305 2RS KML,00036734 - 00036758
364,FUSIBLE 300 AMP BAJO VOLTAJE,00037758 - 00109052
365,AMPOLLETA SOFITO T15 12V 10W FRENO TW,00000019 - 00100164
366,TUERCA MM 18 P-2.5,00011066 - 00104245
367,TUERCA MU ON GOLPE 16 MM RH P1.5 HEX 24 ALT 16,00024559 - 00024561
368,VALVULA ADMISION SUZ SJ413/SWIFT C/U JP,00038583 - 00100630
369,KIT EMBA,00204088 - 00204497
370,LETRERO TAXI ROJO,00050983 - 00070382
371,PERNO PARKER INOX 3/16 X 1,00009309 - 00108080
372,TUERCA SEG PLAST MM 18 P-1.5,00011165 - 00105124
373,HOMOCINETICA L/R LH/RH NIS V16,00058775 - 00058776
374,BANDEJA INF LH TOY YARIS 06/13,00065371 - 00093515
375,RELAY 12V 4P LUCES TOY TW,00028696 - 00028701
376,PUNTA HOMOC,00200884 - 00204363
377,KIT EMB SUB LEGACY 1.8/2.0/2.2,00042012 - 00063167
378,PUERTA INTERIOR LISA B.PINO 70 X 2,00044472 - 00060211
379,CHAVETA PARTIDA 1/4 X 2.1/2,00010849 - 00104740
380,PATIN FRENO CHEV DMAX 4WD,00019083 - 00064926
381,RADIADOR CONDENSADOR D22,00201358 - 00201383
382,REGULADOR,00058259 - 00201973
383,PIOLA CUENTA KLM CHEV ASTRA,00041414 - 00041434
384,TUERCA MM 10 P-1,00011051 - 00106839
385,BULBO TEMPERATURA,00200330 - 00201121
386,REPARACION ENFRIADOR LHD 307,00061396 - 00062838
387,FILTRO COMBUSTIBLE,00062275 - 00063078
388,TUERCA MM 18 P-1.5,00011060 - 00101156
389,PAST FRENO PP3219 JAC,00016970 - 00107885
390,TUERCA MM 12 P-1.25,00011054 - 00100294
391,CAMISA RODAMIENTO 6201,00038589 - 00057677
392,MICA PARACH RH LUV 81/88,00043986 - 00043987
393,CAJA REGULADORA 12V,00043943 - 00086672 - 00107035
394,TUERCA MM 16 P-2,00011065 - 00100941
395,PASTILLA FRENO MERCEDES  PP1657,00014440 - 00014442
396,TUERCA RUE CROM M12 P1.5 HEX 19,00024410 - 00024415
397,INTERUPTOR TECLA CON LUZ REDONDO VERDE 3P 30A 12V TW,00103058 - 00109236
398,AMPOLLETA H3 24V 70W TW,00000034 - 00103156
399,AMPOLLETA H1 24V 70W OSRAM,00058616 - 00100319
400,CHAVETA PARTIDA 3/32 X 1.1/4,00010831 - 00106143
401,GOLILLA PLANA 1.3/8 CALIB,00011352 - 00052523
402,ROD EMB KIA TOWNER 850 TW,00032383 - 00032384
403,RODAMIENTO 17* 52*16 949100-3330 TW,00043285 - 00101331
404,VW AMAROK AMORTIGUADOR DEL,00003368 - 00003373
405,CORREA 6PK1715,00017194 - 00098539
406,GOLILLA PRESION 7/8,00011369 - 00101080
407,TUERCA SEG PLAST MM 12 P-1.25,00011158 - 00104321
408,TUERCA MM 8 P-1.25,00011052 - 00100153
409,EMBLEMA SUZUKI,00014045 - 00014046 - 00060812
410,CORREA 7PK1560,00016682 - 00058905
411,FILTRO ACEITE,00000649 - 00062274
412,CHAVETA PARTIDA 3/16 X 2,00010844 - 00103732
413,C 2419 KENDALL,00017497 - 00038879
414,AMPOLLETA FUSIBLE 12V 11x44 15W TW,00000028 - 00102828
415,METAL BANC 0.50 DAEWOO OPEL CORSA JP,00020441 - 00020442
416,CARBON ARRANQ 12V DELCO,00026732 - 00026734
417,BUJIA CHAMPION RC21,00076050 - 00103141
418,PLACA DIODO CHEV LUV TRANSPO,00104259 - 00105908
419,TUERCA SEG PLAST MM 12 P-1.75,00011160 - 00100257
420,FAROL LATERAL 10 LED BI-VOL 100 MM CORBATA STROBO,00056249 - 00058035
421,TUERCA SEG PLAST MM 16 P-1.5,00011163 - 00104073
422,PAST FRENO DELANT MAZDA 3 15/19,00029633 - 00076907
423,ANILLO 0.40 FIAT FIRE SMART,00014678 - 00038379
424,TERMINAL S/F LUCAS HEMBRA GDE,00045841 - 00105458
425,PLACA DIODO,00001574 - 00001575 - 00001577 - 00092144 - 00204479
426,MODULO DE ENCENDIDO,00094054 - 00203695
427,RETEN 25X35X6,00023309 - 00023310
428,AMORTIGUADOR PORTALON HYUN H1 2.5 05/08,00015945 - 00015959
429,CHAVETA PARTIDA 3/16 X 2.1/2,00010845 - 00106804
430,SENSOR ULTRASONICO UGT585,00006167 - 00006194
431,PLUMILLA 24 CURVA,00001280 - 00068272
432,TUERCA MM 14 P-2,00011064 - 00104353
433,VALVULA ADM CIT XSARA 1.6 8 VALV,00077205 - 00080448
434,CARBON ALT 12V FTX316,00040881 - 00105632
435,TUERCA SEG PLAST 1.1/4 NC,00011132 - 00106148
436,CAJA REG 12 VOL TRANSPO,00101411 - 00107039
437,BUJE BAND SUP MAZDA CTA BT50,00030382 - 00030395
438,TERMINAL EXT RH PEUG 207/301/C-ELYSEE,00053676 - 00053677 - 00067760
439,JUEGO CABLE BUJIA VOLWAGEN POLO,00051804 - 00051805
440,AMORTI DEL,00200527 - 00201116
441,BICICLETA ELECTRICA X6,00088876 - 00204073
442,TUERCA SEG PLAST 1/4 NC,00011121 - 00106176
443,JUEGO CABLE BUJIA HY EON,00035428 - 00093909
444,CHAVETA PARTIDA 3/16 X 1.1/2,00010843 - 00103731
445,EMBLEMA 1.3 DX,00013841 - 00013842
446,TUERCA HEX INOX 5/16,00011085 - 00101089
447,RODAMIENTO EMB LUV 2300 42.6/37*67.7*20.3 JP 89/96,00040453 - 00102915
448,TERMINAL LUCAS C/F HEMBRA 3M AMBAR,00000355 - 00000358
449,GOLILLA PRESION 3/8,00011363 - 00100207
450,TERMINAL EXT MIT L200 2WD 07/,00078753 - 00078758
451,SOLENOIDE 12V ZM655,00066576 - 00100011
452,MASCARA RENAULT CLIO II,00053251 - 00062361
453,KIT,00041143 - 00041146 - 00050549 - 00050550
454,GOLILLA PRESION 1.1/4,00011372 - 00100730
455,GOLILLA PRESION 1/2,00011365 - 00100151
456,GOLILLA PRESION 3/4,00011368 - 00100471
457,CARBON ARRANQ 12V,00107110 - 00109815
458,MANILLA EXT TRAS LH TOY TERCEL 90/94,00035801 - 00055597
459,EMPAQ ESC FIAT,00029099 - 00029100
460,TUERCA HEX INOX 3/4,00011090 - 00102780
461,AMORT TRAS LH/RH FORD FIESTA 10/ MAZDA 2,00034820 - 00037683
462,FAROL ESQ LH NISS V16 93/99 BLANCO LISO,00035714 - 00061588
463,PERNO BARRA ESTAB TOY HILUX 4X2 T30P3/8,00043998 - 00104360
464,TAMBOR FRENO HY NEW H1 08/ 295 MM 6 PERNOS,00051903 - 00064225
465,PERILLA CAMBIO 0448,00061007 - 00061008
466,JUEGO PEDALERA SILVER,00001137 - 00036090
467,MANGUERA SUP RAD SUZUKI G NOMADE,00020264 - 00020265
468,EMBLEMA DIESEL,00013906 - 00013907
469,AMPOLLETA TUNG GLOBO CH 12V 5W #2619,00100813 - 00108708
470,PAST FRENO PP5105 FORD,00029593 - 00051154
471,EMPAQ CULATA CHEV CHEVETTE BRASIL,00028920 - 00028921
472,CRUCETA GUMZ-12 24.06 X 71.40,00030998 - 00031038
473,REPARACION INDUCIDO 12V,00032272 - 00044691
474,TUERCA HEX INOX 3/8,00011086 - 00102198
475,KIT NEBLINERO TOY HILUX REVO 16/,00069160 - 00096641
476,REP RENAULT,00200925 - 00205348
477,PLAST TRAS LH TOY HILUX 89-91,00062884 - 00062885
478,GRILLETE TIPO LIRA 3/4,00011483 - 00105484
479,GOLILLA PRESION 3/16,00011360 - 00101918
480,METAL BIELA 0.25,00200726 - 00200836
481,MALLA XS-2062,00096142 - 00096143
482,PERNO CONICA TOY M12*1.5 HEX 21,00051291 - 00051292
483,ABRAZADERA MANG INOX 84-108 MM # 60,00012807 - 00012808
484,FAROL PARACHOQUE LH HONDA ACCORD,00074317 - 00074421 - 00074530
485,RODAM TENSOR CORREA ALT TOY HILUX 2.8/3.0 05/,00070327 - 00070331
486,TUERCA HEX INOX 5/8,00011089 - 00100325
487,RODAMIENTO EMB SUZ GRAN VITARA TW,00105013 - 00109557
488,AMPOLLETA SOFITO T10 24V 5W MED #168,00100365 - 00103581
489,GOLILLA PRESION 5/32,00011359 - 00103640
490,EMPAQ CULATA TOY HILUX 4Y,00041493 - 00064814 - 00077210
491,BUJIA NGK BPM7A,00012245 - 00101974
492,MANGUERA INF RAD CHEV LUV,00020048 - 00020049
493,GOLILLA PRESION ZINC 3/16,00011403 - 00103759
494,AMPOLLETA H4 P43 24V 75/70W TW,00000038 - 00102901
495,PIOLA ACELERADOR FIAT FIO 1.7 DIESEL,00038378 - 00039701
496,EMBLEMA GREAT WALL SAFE TRAS / LAT,00025386 - 00025393
497,ABRAZ INOX 11/16 A 1-1/4,00079640 - 00079650
498,PERNO PARKER INOX MM 6 X 20,00010438 - 00107002
499,TUERCA SEG PLAST MM 20 P-1.5,00011167 - 00107241
500,EMBLEMA CORSA,00013873 - 00060810
501,ESPEJO PANORAM RED 8 MIRROR,00014165 - 00014166
502,MOTOR ARRANQ NISS V16/SENTRA/SUNNY S/REDUCTOR,00039936 - 00100094
503,RODAMIENTO 62000 2RS 10X26X8 PF,00101793 - 00107314
504,VOLANTE DEPORT ROJO PU,00026041 - 00036021
505,AMPOLLETA H4 P45 24V 75/70W TW,00001454 - 00105076
506,TUBO AGUA,00201259 - 00202355
507,AMPOLLETA H7 12V 100W TW,00000044 - 00100634
508,REP MAZDA,00200626 - 00202081 - 00205326
509,MANGUERA CALEFA NISSAN V-16 5/8X5/8X10,00019852 - 00019853
510,KIT EMBRAGUE,00202077 - 00204089
511,PARACHOQUE DELANT NISS TIIDA,00016428 - 00066704
512,EMPAQ CULATA TOY 2E COROLLA/TERCEL,00060095 - 00060313
513,PERNO PARKER INOX MM 6 X 50,00010444 - 00102549
514,NEBLINERO RH NISSAN D22 02/14,00045171 - 00045172
515,SOLENOIDE CONTINUO 12V USA BALLEY FORGE,00039653 - 00101318
516,PORTA CELULAR IPHONE,00062757 - 00065639
517,CHAVETA PARTIDA 3/32 X 1.1/2,00010832 - 00100057
518,ROD TENSOR CORREA DIST HONDA CIVIC 1.6 93/00,00062324 - 00065530
519,TERMINAL DIRECCION NISSAN D21/D22 4X4,00066485 - 00066486
520,ANGULO LAMINADO 30X30X3,00039036 - 00050032
521,FAROL TRASERO 46 LED BI-VOL KIA BONGO 320 MM 09006,00071308 - 00071309
522,TUERCA MM 7 P-1,00011049 - 00106341
523,COLA ESC CROM 2X20 CM,00016217 - 00016218
524,FOCO FAENA 14 LED RED 9-33V BLST CORTO HELLA ALC H,00092046 - 00094941 - 00094943
525,PATIN FRENO SAMSUNG SM3,00057699 - 00061842
526,PERNO PARKER INOX 1/4 X 2,00009317 - 00105912
527,EMPAQ MULTIPLE ESCAPE NISSAN D21 Z20 JP,00039516 - 00104703
528,TUERCA MM 16 P-1.5,00011059 - 00102823
529,TUERCA MM 20 P-2.5,00011067 - 00102262
530,PASTILLA FRENO NISSAN,00088708 - 00098688
531,HOMOCINETICA DAEWOO RACER L/RUEDA 22*22*52 SEG/INT,00044529 - 00105814
532,NEBLINERO BLANCO LH MATIZ,00099789 - 00099790
533,REP TOYOTA,00200720 - 00201003 - 00204699
534,TUERCA SEG PLAST MM 24 P-3.0,00011171 - 00102009
535,CAJA DIRECCION FIAT 147,00050042 - 00107118
536,PERNO COCINA INOX 3/16 X 1/2,00009611 - 00103026
537,CANDADO,00024926 - 00024927 - 00024930 - 00024933 - 00024934 - 00024935
538,AMORT TRA TOYOTA,00200847 - 00200848
539,FOCO PUNTA TAPABARRO TOY LAND CRUISER,00067695 - 00067696
540,AMORTIG DEL,00200648 - 00201409
541,AMORT TRAS,00200191 - 00200238
542,CORREA 4PK990,00017026 - 00063606
543,C 2329/1 KENDALL,00017484 - 00040362
544,AMORTIGUADOR,00050328 - 00204004
545,INDUCIDO BOSCH JF 24V M/BENZ MAS COMUN,00101364 - 00103558
546,CORTA CORRIENTE GRANDE 24V METAL HELLA,00040960 - 00106220
547,PLACA DIODO MER103,00051379 - 00054214
548,FAROL PARACHOQUE RH HONDA ACCORD,00074316 - 00074420 - 00074529
549,BARRA HILO INOX 316 5/16,00009702 - 00103145
550,CAMARA DE CONDUCCION,00075273 - 00078148
551,GOMA PUNTA B/ESTAB FIAT FIORINO 89/95,00048571 - 00048573
552,TENSOR CADENA PATIN SUZ AERIO 2.3 16V 05/08,00032457 - 00032548
553,RETEN 80X98X10,00023898 - 00023904
554,AMPOLLETA H4 P43 12V 100/80W90 TW,00101502 - 00102415
555,WK 730/1,00005945 - 00062791
556,CABLE ARAFLEX RV-K 3X1.5 MM2,00043698 - 00079382
557,OPTICO SIN ANTINIEBLA RH KIA FRONTIER,00075068 - 00075069
558,PERNO COCINA CAB PLANA 5/8x1.1/2,00043033 - 00108493
559,TUERCA SEG PLAST 5/16 NC,00011122 - 00101043
560,CORREA DISTRIB 103 MR25 SUZUKI BALENO 1.6 VITARA S,00030787 - 00040704 - 00041120
561,PU 932/8X,00011982 - 00102390
562,PIOLA FRENO MANO CENTRAL TOY HILUX 2Y/3Y/22RE/2L,00032009 - 00032010
563,RETEN 90 X 110 X 9 TRAS CIG BESTA 2.2/FRONTIER 2.7,00035921 - 00035935
564,FRANJA PARABRISA VARIAS .,00025181 - 00108372
565,MANILLA INT HY ACCENT RB 1.4 06/12,00044651 - 00044652
566,CORREA DISTRIB 163 MR25 HYUN H100/ L200 4D56 DIESE,00037642 - 00037873
567,EMPAQUETADURA CULATA TOY DYNA,00041589 - 00041590
568,OPTICO RH FIAT 147 GL/GLS,00037163 - 00107255
569,NEBLINERO AMBAR C/AMP H3,00001856 - 00105726
570,MASCARA TY TERCEL 98/99,00049135 - 00050000
571,SOPORTE CARDAN TOY HILUX KUN,00064450 - 00101848
572,LIMA,00006521 - 00006799
573,REPRODUCTOR DVD AVK-CV171,00034628 - 00034629
574,PIOLA EMB MARUTI,00204263 - 00204264 - 00204265
575,FAROL TRAS RH TOY HILUX KUN 05/11,00019458 - 00037187 - 00068587
576,TERMOSTATO HYUN 82.0 54MM H100/L200/300 2551042010,00033162 - 00038370
577,TUERCA MM 22 P-2.5,00011068 - 00102565
578,BLOQUEADOR SOLAR 120GRS GRS PREMIUN,00039125 - 00102909
579,"CILINDRO FRENO 7/8"" DAIH/TOY FEROZA HIACE",00034123 - 00034124
580,ESPEJO RED CONCAVO 60 CMS ACRILICO,00038822 - 00103296
581,KIT EMBRAGUE COMPLETO PEUG PARTNER,00014108 - 00090332
582,PERNO PARKER INOX 1/4 X 3/4,00009312 - 00103326
583,TUERCA MM 8 P-1,00011050 - 00101620
584,GOLILLA PRESION 1/4,00011361 - 00101078
585,RETEN 37X50X6,00023499 - 00026016
586,CAZOLETA AMORT DELANT PEUG 206/207,00101641 - 00101642
587,CARBON DINAMO,00026888 - 00026889
